run_accession	fastq_ftp	fastq_bytes	fastq_md5	bam_ftp	bam_bytes	bam_md5	submitted_ftp	submitted_bytes	submitted_md5	sra_ftp	sra_bytes	sra_md5
SRR10245277	ftp.sra.ebi.ac.uk/vol1/fastq/SRR102/077/SRR10245277/SRR10245277_1.fastq.gz;ftp.sra.ebi.ac.uk/vol1/fastq/SRR102/077/SRR10245277/SRR10245277_2.fastq.gz	47927737;59974757	62d41d5925b619a6123a6fa54dfacafc;c45b543b9d34138210871422691ccd63									
SRR10245280	ftp.sra.ebi.ac.uk/vol1/fastq/SRR102/080/SRR10245280/SRR10245280_1.fastq.gz;ftp.sra.ebi.ac.uk/vol1/fastq/SRR102/080/SRR10245280/SRR10245280_2.fastq.gz	42616860;50514461	6101c6626365de42b8c5dc86d980d094;5703a29c838130d6105f26cfd0960a83									
SRR10245287	ftp.sra.ebi.ac.uk/vol1/fastq/SRR102/087/SRR10245287/SRR10245287_1.fastq.gz;ftp.sra.ebi.ac.uk/vol1/fastq/SRR102/087/SRR10245287/SRR10245287_2.fastq.gz	43394504;55421347	363ba64033c546ecb2757fbfc0b70855;1804c40c87c7d5ead316f9c07ac9d70c									
SRR10245288	ftp.sra.ebi.ac.uk/vol1/fastq/SRR102/088/SRR10245288/SRR10245288_1.fastq.gz;ftp.sra.ebi.ac.uk/vol1/fastq/SRR102/088/SRR10245288/SRR10245288_2.fastq.gz	35955665;44463858	f011143d1b5f2b9007cb19d6aa7c661c;97c493b7bee40681576149ff9f680b3b									
SRR10245289	ftp.sra.ebi.ac.uk/vol1/fastq/SRR102/089/SRR10245289/SRR10245289_1.fastq.gz;ftp.sra.ebi.ac.uk/vol1/fastq/SRR102/089/SRR10245289/SRR10245289_2.fastq.gz	30013924;41339899	3fb654ba9a9e276e0633b4568ae96a1a;015b6f4c911dcc9b8ca02df190ef4b16									
SRR10245293	ftp.sra.ebi.ac.uk/vol1/fastq/SRR102/093/SRR10245293/SRR10245293_1.fastq.gz;ftp.sra.ebi.ac.uk/vol1/fastq/SRR102/093/SRR10245293/SRR10245293_2.fastq.gz	47469462;77447171	9c57087de8a4c4e0af29eef0d72e00e6;0a0573f3665a0dd9d41d798fb5cab2c2									
SRR10245298	ftp.sra.ebi.ac.uk/vol1/fastq/SRR102/098/SRR10245298/SRR10245298_1.fastq.gz;ftp.sra.ebi.ac.uk/vol1/fastq/SRR102/098/SRR10245298/SRR10245298_2.fastq.gz	31906205;35304859	087a7868041bbae4ea52d9cd3c0e1cd0;14a9e0ea4517c0a8779d26a520d48d7a									
SRR10245310	ftp.sra.ebi.ac.uk/vol1/fastq/SRR102/010/SRR10245310/SRR10245310_1.fastq.gz;ftp.sra.ebi.ac.uk/vol1/fastq/SRR102/010/SRR10245310/SRR10245310_2.fastq.gz	18882257;22551087	0d7ac1c3359f5f4a235ed8b0c68965f4;22d6ee8bfa5a3d2302d5c2916d59786a									
SRR10245318	ftp.sra.ebi.ac.uk/vol1/fastq/SRR102/018/SRR10245318/SRR10245318_1.fastq.gz;ftp.sra.ebi.ac.uk/vol1/fastq/SRR102/018/SRR10245318/SRR10245318_2.fastq.gz	10182857;11749195	f8a8f905cb09a8f86dcb40ed7e3419b0;107bc748c1b134a2bc132894f5a499a9									
SRR10245320	ftp.sra.ebi.ac.uk/vol1/fastq/SRR102/020/SRR10245320/SRR10245320_1.fastq.gz;ftp.sra.ebi.ac.uk/vol1/fastq/SRR102/020/SRR10245320/SRR10245320_2.fastq.gz	24123309;31531415	1c4bae6485c130e79cd539546adbed86;a4bc04dfca3346d0e9bb574ea06f62a7									
SRR10245321	ftp.sra.ebi.ac.uk/vol1/fastq/SRR102/021/SRR10245321/SRR10245321_1.fastq.gz;ftp.sra.ebi.ac.uk/vol1/fastq/SRR102/021/SRR10245321/SRR10245321_2.fastq.gz	27730158;55230877	391edcbed36e6a459a0c0b1d005fde2c;ec3ccb46c8ac2413921acf955f58ff28									
SRR10245329	ftp.sra.ebi.ac.uk/vol1/fastq/SRR102/029/SRR10245329/SRR10245329_1.fastq.gz;ftp.sra.ebi.ac.uk/vol1/fastq/SRR102/029/SRR10245329/SRR10245329_2.fastq.gz	43132322;55884586	7c11bb1f4d93b4ad805af98217a75399;ef5a8909111fe507493420e256163909									
SRR10245330	ftp.sra.ebi.ac.uk/vol1/fastq/SRR102/030/SRR10245330/SRR10245330_1.fastq.gz;ftp.sra.ebi.ac.uk/vol1/fastq/SRR102/030/SRR10245330/SRR10245330_2.fastq.gz	71465615;84739138	78c1c0575c378efff2e7228b0130e6b1;e203305282df20dd29601d3fd45e1e9b									
SRR10245333	ftp.sra.ebi.ac.uk/vol1/fastq/SRR102/033/SRR10245333/SRR10245333_1.fastq.gz;ftp.sra.ebi.ac.uk/vol1/fastq/SRR102/033/SRR10245333/SRR10245333_2.fastq.gz	27224759;31019835	fe7ae7ba139b80a0aed7fd50cd4a8401;a93e8897aa1802f923e46624e4ce28ce									
SRR10245339	ftp.sra.ebi.ac.uk/vol1/fastq/SRR102/039/SRR10245339/SRR10245339_1.fastq.gz;ftp.sra.ebi.ac.uk/vol1/fastq/SRR102/039/SRR10245339/SRR10245339_2.fastq.gz	30140019;61441497	5e325c1b07ee2b9d4c690bd2cbdb3340;7895c3aeaaa0961b483a1413f8f2f51f									
SRR10245343	ftp.sra.ebi.ac.uk/vol1/fastq/SRR102/043/SRR10245343/SRR10245343_1.fastq.gz;ftp.sra.ebi.ac.uk/vol1/fastq/SRR102/043/SRR10245343/SRR10245343_2.fastq.gz	20466103;28171198	cbb95f029ccf5036d08d0ead7d74b09a;0200d0816452fe86553f9ef2ae22cfb3									
SRR10245345	ftp.sra.ebi.ac.uk/vol1/fastq/SRR102/045/SRR10245345/SRR10245345_1.fastq.gz;ftp.sra.ebi.ac.uk/vol1/fastq/SRR102/045/SRR10245345/SRR10245345_2.fastq.gz	53236476;71419072	17f90fda9a809651afc6d11be1a76376;eca6dcf91c7d0c0de81a4e40eee3452a									
SRR10245346	ftp.sra.ebi.ac.uk/vol1/fastq/SRR102/046/SRR10245346/SRR10245346_1.fastq.gz;ftp.sra.ebi.ac.uk/vol1/fastq/SRR102/046/SRR10245346/SRR10245346_2.fastq.gz	39404470;49420453	9e5907103d5589c3adac5f3dedb5ffec;4f2f1f15f2229f1ec8f2a7a800f2222e									
SRR7450708	ftp.sra.ebi.ac.uk/vol1/fastq/SRR745/008/SRR7450708/SRR7450708_1.fastq.gz;ftp.sra.ebi.ac.uk/vol1/fastq/SRR745/008/SRR7450708/SRR7450708_2.fastq.gz	17432150;17950096	1ce6fcc7dad74799a42f992f4cce5e64;4a5fa26726ca642226e4fc1f8942d31a									
SRR7450710	ftp.sra.ebi.ac.uk/vol1/fastq/SRR745/000/SRR7450710/SRR7450710_1.fastq.gz;ftp.sra.ebi.ac.uk/vol1/fastq/SRR745/000/SRR7450710/SRR7450710_2.fastq.gz	11171796;11998572	7925fda3092cd6412344b3e6251fd9be;6f1b72a94fd52aa5364c26c61927d816									
SRR7450714	ftp.sra.ebi.ac.uk/vol1/fastq/SRR745/004/SRR7450714/SRR7450714_1.fastq.gz;ftp.sra.ebi.ac.uk/vol1/fastq/SRR745/004/SRR7450714/SRR7450714_2.fastq.gz	15223948;16163488	95ace77bf9d82dea112cbfe1412f95a0;d297bb0a8cddb8beca617c19b1f1ea06									
SRR7450716	ftp.sra.ebi.ac.uk/vol1/fastq/SRR745/006/SRR7450716/SRR7450716_1.fastq.gz;ftp.sra.ebi.ac.uk/vol1/fastq/SRR745/006/SRR7450716/SRR7450716_2.fastq.gz	17991716;19094044	b41071ca15618024751f485ec7c2e776;5dcd22a6ec8a8d8aaf2793c5001d9ac8									
SRR7450720	ftp.sra.ebi.ac.uk/vol1/fastq/SRR745/000/SRR7450720/SRR7450720_1.fastq.gz;ftp.sra.ebi.ac.uk/vol1/fastq/SRR745/000/SRR7450720/SRR7450720_2.fastq.gz	12960212;12926445	d49cf83c833981e2f30b8981062be3e4;cef819d0cab0b264f081ff049a44039f									
SRR7450729	ftp.sra.ebi.ac.uk/vol1/fastq/SRR745/009/SRR7450729/SRR7450729_1.fastq.gz;ftp.sra.ebi.ac.uk/vol1/fastq/SRR745/009/SRR7450729/SRR7450729_2.fastq.gz	4802119;5783885	1ae25399f6d7355609144735717b04f6;78322c0164b68bfee4d3644644d121b0									
SRR7450733	ftp.sra.ebi.ac.uk/vol1/fastq/SRR745/003/SRR7450733/SRR7450733_1.fastq.gz;ftp.sra.ebi.ac.uk/vol1/fastq/SRR745/003/SRR7450733/SRR7450733_2.fastq.gz	4816471;6086716	3764a2237856d85bc2dc7b744f9d72fc;87031c0363eae4dd171e6eac91c9d85d									
SRR7450734	ftp.sra.ebi.ac.uk/vol1/fastq/SRR745/004/SRR7450734/SRR7450734_1.fastq.gz;ftp.sra.ebi.ac.uk/vol1/fastq/SRR745/004/SRR7450734/SRR7450734_2.fastq.gz	5477193;7263857	7c088a94be6a83f1164ae12923ab4bbf;3a674b7efaf1dc6e4c752d6c5475897d									
SRR7450735	ftp.sra.ebi.ac.uk/vol1/fastq/SRR745/005/SRR7450735/SRR7450735_1.fastq.gz;ftp.sra.ebi.ac.uk/vol1/fastq/SRR745/005/SRR7450735/SRR7450735_2.fastq.gz	19486524;19367548	0d4249efa22763d300de9e7621137663;af32923435dd18f6812d902253d69dfa									
SRR7450738	ftp.sra.ebi.ac.uk/vol1/fastq/SRR745/008/SRR7450738/SRR7450738_1.fastq.gz;ftp.sra.ebi.ac.uk/vol1/fastq/SRR745/008/SRR7450738/SRR7450738_2.fastq.gz	5215443;6659014	18182ed53e633d88a6cf61661af9d2c4;58a86b188f4db98c3448d4b66e0ede65									
SRR7450743	ftp.sra.ebi.ac.uk/vol1/fastq/SRR745/003/SRR7450743/SRR7450743_1.fastq.gz;ftp.sra.ebi.ac.uk/vol1/fastq/SRR745/003/SRR7450743/SRR7450743_2.fastq.gz	7356119;8941677	b22dfcc0e47e8978dcd7f3c76b5740ad;574adf6df276a59db454fb9e1f90a40e									
SRR7450746	ftp.sra.ebi.ac.uk/vol1/fastq/SRR745/006/SRR7450746/SRR7450746_1.fastq.gz;ftp.sra.ebi.ac.uk/vol1/fastq/SRR745/006/SRR7450746/SRR7450746_2.fastq.gz	1912843;2483824	cd7d55a3e7a37fda9075189e4ab26205;d175dc7841fb784ca0d82caa3d68b7a9									
SRR7450750	ftp.sra.ebi.ac.uk/vol1/fastq/SRR745/000/SRR7450750/SRR7450750_1.fastq.gz;ftp.sra.ebi.ac.uk/vol1/fastq/SRR745/000/SRR7450750/SRR7450750_2.fastq.gz	33504119;33497532	19d6debed2b93a40c7b80e0f59870205;a95856b6595904b11d379b23a3d4df9a									
SRR7450759	ftp.sra.ebi.ac.uk/vol1/fastq/SRR745/009/SRR7450759/SRR7450759_1.fastq.gz;ftp.sra.ebi.ac.uk/vol1/fastq/SRR745/009/SRR7450759/SRR7450759_2.fastq.gz	3966395;4953261	a3f500f92392437d1598451e22f27ca1;df87453c95837aad9d069b0e3b9069db									
SRR7450761	ftp.sra.ebi.ac.uk/vol1/fastq/SRR745/001/SRR7450761/SRR7450761_1.fastq.gz;ftp.sra.ebi.ac.uk/vol1/fastq/SRR745/001/SRR7450761/SRR7450761_2.fastq.gz	4729049;5755327	986ed37521c540ac6ce8a2fe537d23a9;4f7e27a8c9e96ac9dbd2d4a9f6269295									
SRR10245281	ftp.sra.ebi.ac.uk/vol1/fastq/SRR102/081/SRR10245281/SRR10245281_1.fastq.gz;ftp.sra.ebi.ac.uk/vol1/fastq/SRR102/081/SRR10245281/SRR10245281_2.fastq.gz	28052320;34673287	275de0690d530e37293940846c5937f8;13ef92ba6a7f8992058c399940cde99d									
SRR10245283	ftp.sra.ebi.ac.uk/vol1/fastq/SRR102/083/SRR10245283/SRR10245283_1.fastq.gz;ftp.sra.ebi.ac.uk/vol1/fastq/SRR102/083/SRR10245283/SRR10245283_2.fastq.gz	40543613;54326509	e36dae072288bd8399fda72165367379;ee968097191d9e769078de86e3c69c78									
SRR10245285	ftp.sra.ebi.ac.uk/vol1/fastq/SRR102/085/SRR10245285/SRR10245285_1.fastq.gz;ftp.sra.ebi.ac.uk/vol1/fastq/SRR102/085/SRR10245285/SRR10245285_2.fastq.gz	33017237;43661305	5cf65956f4f3d8284d6432ad5ff6765c;5228fd2d4df3cc51ae01cef36c716d04									
SRR10245290	ftp.sra.ebi.ac.uk/vol1/fastq/SRR102/090/SRR10245290/SRR10245290_1.fastq.gz;ftp.sra.ebi.ac.uk/vol1/fastq/SRR102/090/SRR10245290/SRR10245290_2.fastq.gz	65301600;86157515	ef49df466a883e341cf5b5d3a35ed4fd;6154e3971527ef7b89f2891f0e1dc55f									
SRR10245292	ftp.sra.ebi.ac.uk/vol1/fastq/SRR102/092/SRR10245292/SRR10245292_1.fastq.gz;ftp.sra.ebi.ac.uk/vol1/fastq/SRR102/092/SRR10245292/SRR10245292_2.fastq.gz	19237924;22776077	726993f700be5458f8483e8e5aadacdc;176d501e4421923fe9213d506bbff3cd									
SRR10245295	ftp.sra.ebi.ac.uk/vol1/fastq/SRR102/095/SRR10245295/SRR10245295_1.fastq.gz;ftp.sra.ebi.ac.uk/vol1/fastq/SRR102/095/SRR10245295/SRR10245295_2.fastq.gz	24294248;45630503	dc1ca7cf205119d09e546f6e7ca881e1;fe6a32cccef97cda2c10adafba7ef451									
SRR10245297	ftp.sra.ebi.ac.uk/vol1/fastq/SRR102/097/SRR10245297/SRR10245297_1.fastq.gz;ftp.sra.ebi.ac.uk/vol1/fastq/SRR102/097/SRR10245297/SRR10245297_2.fastq.gz	42585479;62193912	1d79d6806166dd1a7360aa318f006261;b5c0331daf4218b58d249e7eff44e22c									
SRR10245301	ftp.sra.ebi.ac.uk/vol1/fastq/SRR102/001/SRR10245301/SRR10245301_1.fastq.gz;ftp.sra.ebi.ac.uk/vol1/fastq/SRR102/001/SRR10245301/SRR10245301_2.fastq.gz	23024693;27997281	05391c786888191392b26186b0bb7a42;e269bb943616e9d56ffbff5a527fd874									
SRR10245304	ftp.sra.ebi.ac.uk/vol1/fastq/SRR102/004/SRR10245304/SRR10245304_1.fastq.gz;ftp.sra.ebi.ac.uk/vol1/fastq/SRR102/004/SRR10245304/SRR10245304_2.fastq.gz	34902350;54180014	65c05b2392386d2a5bacb1bfb64bc455;f2c04b5b1930bfb4a3d826a615ea2e85									
SRR10245308	ftp.sra.ebi.ac.uk/vol1/fastq/SRR102/008/SRR10245308/SRR10245308_1.fastq.gz;ftp.sra.ebi.ac.uk/vol1/fastq/SRR102/008/SRR10245308/SRR10245308_2.fastq.gz	15272892;23170239	e7562777bd096a38d5271e2925ce51e6;a161695e5c02c1b3e9bdb2e479ab7461									
SRR10245309	ftp.sra.ebi.ac.uk/vol1/fastq/SRR102/009/SRR10245309/SRR10245309_1.fastq.gz;ftp.sra.ebi.ac.uk/vol1/fastq/SRR102/009/SRR10245309/SRR10245309_2.fastq.gz	22391285;35571973	44f66986bf70c47829b4d569bee12dde;d18525f99983408a3b1e5290b20b683c									
SRR10245315	ftp.sra.ebi.ac.uk/vol1/fastq/SRR102/015/SRR10245315/SRR10245315_1.fastq.gz;ftp.sra.ebi.ac.uk/vol1/fastq/SRR102/015/SRR10245315/SRR10245315_2.fastq.gz	47429872;58322738	c0b3ee98d56bc958978918df92d7fa3c;081b2cd55c377737a92885fae8bb69dc									
SRR10245319	ftp.sra.ebi.ac.uk/vol1/fastq/SRR102/019/SRR10245319/SRR10245319_1.fastq.gz;ftp.sra.ebi.ac.uk/vol1/fastq/SRR102/019/SRR10245319/SRR10245319_2.fastq.gz	23972284;28369640	0b8f20e4dac8d4eb7040d67ca2d321fc;8a67cc355ff45e9dcec016af775e3bc0									
SRR10245322	ftp.sra.ebi.ac.uk/vol1/fastq/SRR102/022/SRR10245322/SRR10245322_1.fastq.gz;ftp.sra.ebi.ac.uk/vol1/fastq/SRR102/022/SRR10245322/SRR10245322_2.fastq.gz	18491303;29679119	a4881c020a08183f445afad83383e7e4;9ecbab0f6f184ed918a1345dcc9a6c96									
SRR10245323	ftp.sra.ebi.ac.uk/vol1/fastq/SRR102/023/SRR10245323/SRR10245323_1.fastq.gz;ftp.sra.ebi.ac.uk/vol1/fastq/SRR102/023/SRR10245323/SRR10245323_2.fastq.gz	5161611;5511731	0e05c51e881730c65495bce93ab2b75a;b9f0b848e8074abad149bbbe9475a509									
SRR10245324	ftp.sra.ebi.ac.uk/vol1/fastq/SRR102/024/SRR10245324/SRR10245324_1.fastq.gz;ftp.sra.ebi.ac.uk/vol1/fastq/SRR102/024/SRR10245324/SRR10245324_2.fastq.gz	44305042;56747165	88a44ba968f6bf7f2552f9116a746751;3da07e14932dd841345b16810f278055									
SRR10245327	ftp.sra.ebi.ac.uk/vol1/fastq/SRR102/027/SRR10245327/SRR10245327_1.fastq.gz;ftp.sra.ebi.ac.uk/vol1/fastq/SRR102/027/SRR10245327/SRR10245327_2.fastq.gz	61027782;79895220	069f46e2e9186abd30569ab480dafb74;52b24fb1c41b0dbc3d0ec6ffa4c4057f									
SRR10245332	ftp.sra.ebi.ac.uk/vol1/fastq/SRR102/032/SRR10245332/SRR10245332_1.fastq.gz;ftp.sra.ebi.ac.uk/vol1/fastq/SRR102/032/SRR10245332/SRR10245332_2.fastq.gz	16894290;29880356	a1be3f87af5ee5f58d73f0448ca16200;46fa30e849504b62768b34cbd6962e81									
SRR10245336	ftp.sra.ebi.ac.uk/vol1/fastq/SRR102/036/SRR10245336/SRR10245336_1.fastq.gz;ftp.sra.ebi.ac.uk/vol1/fastq/SRR102/036/SRR10245336/SRR10245336_2.fastq.gz	29074938;50061237	b548a62da025c70baa769e0b58411300;931c92b6508a89af5be9a83a17fbc6a4									
SRR10245338	ftp.sra.ebi.ac.uk/vol1/fastq/SRR102/038/SRR10245338/SRR10245338_1.fastq.gz;ftp.sra.ebi.ac.uk/vol1/fastq/SRR102/038/SRR10245338/SRR10245338_2.fastq.gz	3436851;4416661	c2c30f6f98f6fb4346500249e16a583b;35b702fa3e6b9f3b2b32ac289abc4505									
SRR10245340	ftp.sra.ebi.ac.uk/vol1/fastq/SRR102/040/SRR10245340/SRR10245340_1.fastq.gz;ftp.sra.ebi.ac.uk/vol1/fastq/SRR102/040/SRR10245340/SRR10245340_2.fastq.gz	21060341;37420502	448f298d6ebaee77639f7bbba8f9b103;51e9cf9347cc205e692bbce51a153b56									
SRR10245341	ftp.sra.ebi.ac.uk/vol1/fastq/SRR102/041/SRR10245341/SRR10245341_1.fastq.gz;ftp.sra.ebi.ac.uk/vol1/fastq/SRR102/041/SRR10245341/SRR10245341_2.fastq.gz	62796475;74641714	40962d8128325551da908598b21fad71;a4279a78a31eb8ec34fe6bf5dc005170									
SRR10245347	ftp.sra.ebi.ac.uk/vol1/fastq/SRR102/047/SRR10245347/SRR10245347_1.fastq.gz;ftp.sra.ebi.ac.uk/vol1/fastq/SRR102/047/SRR10245347/SRR10245347_2.fastq.gz	44109769;53960108	a3cf37a04e0f66f801c86931087543c3;8917dfaa550ee3b4fadb2b9998d6bd51									
SRR7450707	ftp.sra.ebi.ac.uk/vol1/fastq/SRR745/007/SRR7450707/SRR7450707_1.fastq.gz;ftp.sra.ebi.ac.uk/vol1/fastq/SRR745/007/SRR7450707/SRR7450707_2.fastq.gz	20767465;23052352	a05f1826a0ff653916728fb92887257f;fa177f09979550d2dc38be018b5f1f19									
SRR7450712	ftp.sra.ebi.ac.uk/vol1/fastq/SRR745/002/SRR7450712/SRR7450712_1.fastq.gz;ftp.sra.ebi.ac.uk/vol1/fastq/SRR745/002/SRR7450712/SRR7450712_2.fastq.gz	15728176;15852607	70381b714511ef720dc217e788beae6f;65b7480cf4e3fd459510ef84a247e347									
SRR7450713	ftp.sra.ebi.ac.uk/vol1/fastq/SRR745/003/SRR7450713/SRR7450713_1.fastq.gz;ftp.sra.ebi.ac.uk/vol1/fastq/SRR745/003/SRR7450713/SRR7450713_2.fastq.gz	43040617;42482553	a834618b50496ed4710112d640a3d01a;05ca8230749f5e7f5cd3996fa1257d01									
SRR7450721	ftp.sra.ebi.ac.uk/vol1/fastq/SRR745/001/SRR7450721/SRR7450721_1.fastq.gz;ftp.sra.ebi.ac.uk/vol1/fastq/SRR745/001/SRR7450721/SRR7450721_2.fastq.gz	11572273;11591161	afdc5f9eb79b4002464b9dfdeeb1d84b;d8f1950508b5f4a2c55f24e898730f66									
SRR7450724	ftp.sra.ebi.ac.uk/vol1/fastq/SRR745/004/SRR7450724/SRR7450724_1.fastq.gz;ftp.sra.ebi.ac.uk/vol1/fastq/SRR745/004/SRR7450724/SRR7450724_2.fastq.gz	18373218;19717846	1f38ece4ad6b79ba3812bcc1f43c565e;6874e612d208fe5fcff45dafd211562d									
SRR7450728	ftp.sra.ebi.ac.uk/vol1/fastq/SRR745/008/SRR7450728/SRR7450728_1.fastq.gz;ftp.sra.ebi.ac.uk/vol1/fastq/SRR745/008/SRR7450728/SRR7450728_2.fastq.gz	4646779;5873656	9523f0b3e670ae035fdb01d903ef5407;60765b16cef7b58814b24d3db684bcf8									
SRR7450730	ftp.sra.ebi.ac.uk/vol1/fastq/SRR745/000/SRR7450730/SRR7450730_1.fastq.gz;ftp.sra.ebi.ac.uk/vol1/fastq/SRR745/000/SRR7450730/SRR7450730_2.fastq.gz	5161897;6622811	e0a5d698a5c5ce49781a6f3eea7d27a8;0b4f608138d77a0e8ccba28b0cdc5ae1									
SRR7450731	ftp.sra.ebi.ac.uk/vol1/fastq/SRR745/001/SRR7450731/SRR7450731_1.fastq.gz;ftp.sra.ebi.ac.uk/vol1/fastq/SRR745/001/SRR7450731/SRR7450731_2.fastq.gz	4639028;6031157	621bdfbfaaeaa3c0ee94eedc27b7847e;bb89bb3c051319f4bde05e94f32ebf82									
SRR7450732	ftp.sra.ebi.ac.uk/vol1/fastq/SRR745/002/SRR7450732/SRR7450732_1.fastq.gz;ftp.sra.ebi.ac.uk/vol1/fastq/SRR745/002/SRR7450732/SRR7450732_2.fastq.gz	4226935;5120694	8c769451d4c5f1210de2c9fc750613cb;1acea722d088f4247682f5777ca8a505									
SRR7450737	ftp.sra.ebi.ac.uk/vol1/fastq/SRR745/007/SRR7450737/SRR7450737_1.fastq.gz;ftp.sra.ebi.ac.uk/vol1/fastq/SRR745/007/SRR7450737/SRR7450737_2.fastq.gz	5846827;7450591	64e3df507a4cf5d3471f131286f60b50;46f6ebf325f002552784301e079da2f8									
SRR7450742	ftp.sra.ebi.ac.uk/vol1/fastq/SRR745/002/SRR7450742/SRR7450742_1.fastq.gz;ftp.sra.ebi.ac.uk/vol1/fastq/SRR745/002/SRR7450742/SRR7450742_2.fastq.gz	7175300;8522776	3b9759c4965c960c6c778eebaaddeed1;a0372181d993d89390d72e14d630e3b5									
SRR7450744	ftp.sra.ebi.ac.uk/vol1/fastq/SRR745/004/SRR7450744/SRR7450744_1.fastq.gz;ftp.sra.ebi.ac.uk/vol1/fastq/SRR745/004/SRR7450744/SRR7450744_2.fastq.gz	4594758;5859859	26b04b1883aa78337953df71bec3450f;1bfae96335eb96dad99ccba4f36551e8									
SRR7450748	ftp.sra.ebi.ac.uk/vol1/fastq/SRR745/008/SRR7450748/SRR7450748_1.fastq.gz;ftp.sra.ebi.ac.uk/vol1/fastq/SRR745/008/SRR7450748/SRR7450748_2.fastq.gz	17118467;17264018	a232c54395a528b1e9d1d1ed0a0de6f1;51c2d63493f3954f2eddcc95c7f0f5a1									
SRR7450749	ftp.sra.ebi.ac.uk/vol1/fastq/SRR745/009/SRR7450749/SRR7450749_1.fastq.gz;ftp.sra.ebi.ac.uk/vol1/fastq/SRR745/009/SRR7450749/SRR7450749_2.fastq.gz	25784124;27097803	de81536ab763826bf2103d5c6e4c1424;83960847089697fd5ba8cc546d270ffe									
SRR7450752	ftp.sra.ebi.ac.uk/vol1/fastq/SRR745/002/SRR7450752/SRR7450752_1.fastq.gz;ftp.sra.ebi.ac.uk/vol1/fastq/SRR745/002/SRR7450752/SRR7450752_2.fastq.gz	2714403;3312127	ad6f4ee1bb6faf2ea31851ac5385a9d4;8c9558267dde62336570b1b5a0e63ac5									
SRR7450753	ftp.sra.ebi.ac.uk/vol1/fastq/SRR745/003/SRR7450753/SRR7450753_1.fastq.gz;ftp.sra.ebi.ac.uk/vol1/fastq/SRR745/003/SRR7450753/SRR7450753_2.fastq.gz	1842628;2155251	85ccc7f80956815f37e1a18885b06616;c0004e427311a7804fecebc4a28f761a									
SRR7450755	ftp.sra.ebi.ac.uk/vol1/fastq/SRR745/005/SRR7450755/SRR7450755_1.fastq.gz;ftp.sra.ebi.ac.uk/vol1/fastq/SRR745/005/SRR7450755/SRR7450755_2.fastq.gz	2426400;3106223	a617753e7e976b947f63f9524355e9e9;7607092d1636cc3274ea0869101a86d4									
SRR7450756	ftp.sra.ebi.ac.uk/vol1/fastq/SRR745/006/SRR7450756/SRR7450756_1.fastq.gz;ftp.sra.ebi.ac.uk/vol1/fastq/SRR745/006/SRR7450756/SRR7450756_2.fastq.gz	6160825;7390719	336dd11100a7dcf53eb5ad11c5d8a399;5c79c901ce868869202f0ac5a68cc9a7									
SRR10245278	ftp.sra.ebi.ac.uk/vol1/fastq/SRR102/078/SRR10245278/SRR10245278_1.fastq.gz;ftp.sra.ebi.ac.uk/vol1/fastq/SRR102/078/SRR10245278/SRR10245278_2.fastq.gz	72171636;83561548	f538116f70f7bf0bf14ee688a8063d29;7dff90409d2d0c6c1b128f0548c7a570									
SRR7450757	ftp.sra.ebi.ac.uk/vol1/fastq/SRR745/007/SRR7450757/SRR7450757_1.fastq.gz;ftp.sra.ebi.ac.uk/vol1/fastq/SRR745/007/SRR7450757/SRR7450757_2.fastq.gz	3563664;4735024	b6fed179bf18044572829a15aac4fb20;8e9a11adab1e5996705585fd80aae6f7									
SRR10245279	ftp.sra.ebi.ac.uk/vol1/fastq/SRR102/079/SRR10245279/SRR10245279_1.fastq.gz;ftp.sra.ebi.ac.uk/vol1/fastq/SRR102/079/SRR10245279/SRR10245279_2.fastq.gz	38977909;46819235	d13982ccc6ae2cfcffd2ad9998f568a4;4176e18a5014c2192c84e96474f37a38									
SRR7450758	ftp.sra.ebi.ac.uk/vol1/fastq/SRR745/008/SRR7450758/SRR7450758_1.fastq.gz;ftp.sra.ebi.ac.uk/vol1/fastq/SRR745/008/SRR7450758/SRR7450758_2.fastq.gz	992036;1203059	499b1e71ac4ecd441fea26227fa13fc0;734c45191d19b581c2794f8b83664216									
SRR10245282	ftp.sra.ebi.ac.uk/vol1/fastq/SRR102/082/SRR10245282/SRR10245282_1.fastq.gz;ftp.sra.ebi.ac.uk/vol1/fastq/SRR102/082/SRR10245282/SRR10245282_2.fastq.gz	49924442;63260453	5536544c15074e9a272a6e35cf8e77d0;5a31d3cbabc09cdf704cdf533b363a93									
SRR7450760	ftp.sra.ebi.ac.uk/vol1/fastq/SRR745/000/SRR7450760/SRR7450760_1.fastq.gz;ftp.sra.ebi.ac.uk/vol1/fastq/SRR745/000/SRR7450760/SRR7450760_2.fastq.gz	4879564;6017486	d69e2ce48a2461d28cb551eb2435c140;21d095a1d1e994508fbcd47abe2e88b6									
SRR10245284	ftp.sra.ebi.ac.uk/vol1/fastq/SRR102/084/SRR10245284/SRR10245284_1.fastq.gz;ftp.sra.ebi.ac.uk/vol1/fastq/SRR102/084/SRR10245284/SRR10245284_2.fastq.gz	31361102;40270591	c8ba92950223d7ee10bae904d99cf249;42bfbc534882da729c2a823db9312b22									
SRR10245286	ftp.sra.ebi.ac.uk/vol1/fastq/SRR102/086/SRR10245286/SRR10245286_1.fastq.gz;ftp.sra.ebi.ac.uk/vol1/fastq/SRR102/086/SRR10245286/SRR10245286_2.fastq.gz	61152727;75454679	e4414f3c1ac6783ca1ac1cdafcbb55fc;59490bc5237cfe47c6c86abd4b8f30f2									
SRR10245291	ftp.sra.ebi.ac.uk/vol1/fastq/SRR102/091/SRR10245291/SRR10245291_1.fastq.gz;ftp.sra.ebi.ac.uk/vol1/fastq/SRR102/091/SRR10245291/SRR10245291_2.fastq.gz	28995547;53649360	11caeae387d88114f3adb2250bb81d28;3de01e70e68244328cc6a9b0019d8549									
SRR10245294	ftp.sra.ebi.ac.uk/vol1/fastq/SRR102/094/SRR10245294/SRR10245294_1.fastq.gz;ftp.sra.ebi.ac.uk/vol1/fastq/SRR102/094/SRR10245294/SRR10245294_2.fastq.gz	68523341;96265553	067410cb39921da96bd0cc3b9db5430c;fea9242a6668496187844ec741546afa									
SRR10245296	ftp.sra.ebi.ac.uk/vol1/fastq/SRR102/096/SRR10245296/SRR10245296_1.fastq.gz;ftp.sra.ebi.ac.uk/vol1/fastq/SRR102/096/SRR10245296/SRR10245296_2.fastq.gz	39282568;69484003	30b4a10ae98dc457e0abcf21a3dcd710;1d5d39bec894fd2c5ba6335ce6e07dfa									
SRR10245299	ftp.sra.ebi.ac.uk/vol1/fastq/SRR102/099/SRR10245299/SRR10245299_1.fastq.gz;ftp.sra.ebi.ac.uk/vol1/fastq/SRR102/099/SRR10245299/SRR10245299_2.fastq.gz	24979931;31690593	e28db1dd50a3d4db0bbfc2d943c7bdc0;6825fc725297580472fbe5a6b8c279ca									
SRR10245300	ftp.sra.ebi.ac.uk/vol1/fastq/SRR102/000/SRR10245300/SRR10245300_1.fastq.gz;ftp.sra.ebi.ac.uk/vol1/fastq/SRR102/000/SRR10245300/SRR10245300_2.fastq.gz	21241652;30747028	e24a7546105fa755b4ea95d40bb2e88b;c130fdc3c57e99c6a4c9cfe42668d078									
SRR10245302	ftp.sra.ebi.ac.uk/vol1/fastq/SRR102/002/SRR10245302/SRR10245302_1.fastq.gz;ftp.sra.ebi.ac.uk/vol1/fastq/SRR102/002/SRR10245302/SRR10245302_2.fastq.gz	20256520;32004727	199a812f11825b54282e5a65b4e1a647;b2543dd6c6667e137998ce8fa837c2ce									
SRR10245303	ftp.sra.ebi.ac.uk/vol1/fastq/SRR102/003/SRR10245303/SRR10245303_1.fastq.gz;ftp.sra.ebi.ac.uk/vol1/fastq/SRR102/003/SRR10245303/SRR10245303_2.fastq.gz	102960522;118957625	0b0c4feff0db68ae9e54da1b2ec7ebd9;8194be8f396a189b8f286f64f63f93ea									
SRR10245305	ftp.sra.ebi.ac.uk/vol1/fastq/SRR102/005/SRR10245305/SRR10245305_1.fastq.gz;ftp.sra.ebi.ac.uk/vol1/fastq/SRR102/005/SRR10245305/SRR10245305_2.fastq.gz	34724725;52760597	93223cc2b24129d44d9725b4f1a17730;e6813ab47feed0bf54ec3f96a12df11b									
SRR10245306	ftp.sra.ebi.ac.uk/vol1/fastq/SRR102/006/SRR10245306/SRR10245306_1.fastq.gz;ftp.sra.ebi.ac.uk/vol1/fastq/SRR102/006/SRR10245306/SRR10245306_2.fastq.gz	53327087;68682458	e0416ccae22ca07fdbf39eac136c7e11;741dedfbaeb82f00652967801740e75d									
SRR10245307	ftp.sra.ebi.ac.uk/vol1/fastq/SRR102/007/SRR10245307/SRR10245307_1.fastq.gz;ftp.sra.ebi.ac.uk/vol1/fastq/SRR102/007/SRR10245307/SRR10245307_2.fastq.gz	44069309;52633213	b97db097add33d01fc9c2f4a0f4bb2f2;2e4136c16f59fa499c13cd1149c4c8fc									
SRR10245311	ftp.sra.ebi.ac.uk/vol1/fastq/SRR102/011/SRR10245311/SRR10245311_1.fastq.gz;ftp.sra.ebi.ac.uk/vol1/fastq/SRR102/011/SRR10245311/SRR10245311_2.fastq.gz	43989450;68719899	9c9e0d0ca76cb745eee63916c128d876;ac34bbddfb05c1e8ca692a1b196b47b7									
SRR10245312	ftp.sra.ebi.ac.uk/vol1/fastq/SRR102/012/SRR10245312/SRR10245312_1.fastq.gz;ftp.sra.ebi.ac.uk/vol1/fastq/SRR102/012/SRR10245312/SRR10245312_2.fastq.gz	27633567;36343729	c594ef4ca5bd66994ac780399f983feb;3727d8b73dc618ffef6c2dcc07e62427									
SRR10245313	ftp.sra.ebi.ac.uk/vol1/fastq/SRR102/013/SRR10245313/SRR10245313_1.fastq.gz;ftp.sra.ebi.ac.uk/vol1/fastq/SRR102/013/SRR10245313/SRR10245313_2.fastq.gz	33499169;42021199	a27cf097768cd4e915cb0139a79bd06d;d3f5471cdadc5126be9fc6c5a13ccb20									
SRR10245314	ftp.sra.ebi.ac.uk/vol1/fastq/SRR102/014/SRR10245314/SRR10245314_1.fastq.gz;ftp.sra.ebi.ac.uk/vol1/fastq/SRR102/014/SRR10245314/SRR10245314_2.fastq.gz	11231165;13618055	6671572d1eebd5506088d8021516d597;27886c6000254edc96bd03d374bf10ee									
SRR10245316	ftp.sra.ebi.ac.uk/vol1/fastq/SRR102/016/SRR10245316/SRR10245316_1.fastq.gz;ftp.sra.ebi.ac.uk/vol1/fastq/SRR102/016/SRR10245316/SRR10245316_2.fastq.gz	40111607;50571695	b4969d9503e849fcf9e9fb81ce9467bb;ef5dca7259399e2632dd36dce1bbca6e									
SRR10245317	ftp.sra.ebi.ac.uk/vol1/fastq/SRR102/017/SRR10245317/SRR10245317_1.fastq.gz;ftp.sra.ebi.ac.uk/vol1/fastq/SRR102/017/SRR10245317/SRR10245317_2.fastq.gz	46992585;58080058	e64258c806565d1b8b25eb321c69dad3;85d0c670f36bbd48af643815e0eb098f									
SRR10245325	ftp.sra.ebi.ac.uk/vol1/fastq/SRR102/025/SRR10245325/SRR10245325_1.fastq.gz;ftp.sra.ebi.ac.uk/vol1/fastq/SRR102/025/SRR10245325/SRR10245325_2.fastq.gz	53473479;64666668	d942b09ad699251b4ca843f44fbc2c2e;fc5abb1326801951996d7ec0c7f659af									
SRR10245326	ftp.sra.ebi.ac.uk/vol1/fastq/SRR102/026/SRR10245326/SRR10245326_1.fastq.gz;ftp.sra.ebi.ac.uk/vol1/fastq/SRR102/026/SRR10245326/SRR10245326_2.fastq.gz	50549837;65279792	97bbc298767a48a5eafe4d67f369cc6b;2f6d482806723ddd79cccd3097388437									
SRR10245328	ftp.sra.ebi.ac.uk/vol1/fastq/SRR102/028/SRR10245328/SRR10245328_1.fastq.gz;ftp.sra.ebi.ac.uk/vol1/fastq/SRR102/028/SRR10245328/SRR10245328_2.fastq.gz	9465202;11650371	89a12b6278815d5118cb29d94f5869b0;2dc43b54fc41d3bec2d12d4e0529de3a									
SRR10245331	ftp.sra.ebi.ac.uk/vol1/fastq/SRR102/031/SRR10245331/SRR10245331_1.fastq.gz;ftp.sra.ebi.ac.uk/vol1/fastq/SRR102/031/SRR10245331/SRR10245331_2.fastq.gz	28341756;49798973	e1b1e408b6b836f523f3791250a5e5a0;ebb43be42c5347ddd16d267025b818aa									
SRR10245334	ftp.sra.ebi.ac.uk/vol1/fastq/SRR102/034/SRR10245334/SRR10245334_1.fastq.gz;ftp.sra.ebi.ac.uk/vol1/fastq/SRR102/034/SRR10245334/SRR10245334_2.fastq.gz	23486029;33808254	c8eb8674f87aee5ea2c81c2aca5a8fa4;5a94ccc1477253dce030bbbf3306049c									
SRR10245335	ftp.sra.ebi.ac.uk/vol1/fastq/SRR102/035/SRR10245335/SRR10245335_1.fastq.gz;ftp.sra.ebi.ac.uk/vol1/fastq/SRR102/035/SRR10245335/SRR10245335_2.fastq.gz	24846227;35508592	783bac133f27e907dfa27ee40d2332ad;e1707d0c5b3a0e041257cfa409d7ede1									
SRR10245337	ftp.sra.ebi.ac.uk/vol1/fastq/SRR102/037/SRR10245337/SRR10245337_1.fastq.gz;ftp.sra.ebi.ac.uk/vol1/fastq/SRR102/037/SRR10245337/SRR10245337_2.fastq.gz	26595771;34856139	0240d29beaa3be57669565d5205bb2d1;5fa71bbe7b579a1d2b42aa0ceb398b94									
SRR10245342	ftp.sra.ebi.ac.uk/vol1/fastq/SRR102/042/SRR10245342/SRR10245342_1.fastq.gz;ftp.sra.ebi.ac.uk/vol1/fastq/SRR102/042/SRR10245342/SRR10245342_2.fastq.gz	23125138;40858631	4de6fea5f30b74e8fc3658be5433f7e4;94c3f23975d639e6c4a76a30cbb7ec58									
SRR10245344	ftp.sra.ebi.ac.uk/vol1/fastq/SRR102/044/SRR10245344/SRR10245344_1.fastq.gz;ftp.sra.ebi.ac.uk/vol1/fastq/SRR102/044/SRR10245344/SRR10245344_2.fastq.gz	38430888;47481724	c4c1b6a68fee83e7b73a8c3598f7f4f6;4e49065aa7d3ec4f951679d641bb4d11									
SRR10245348	ftp.sra.ebi.ac.uk/vol1/fastq/SRR102/048/SRR10245348/SRR10245348_1.fastq.gz;ftp.sra.ebi.ac.uk/vol1/fastq/SRR102/048/SRR10245348/SRR10245348_2.fastq.gz	36119006;47940139	b777e722cf33a80c70dbf24477bf29f3;e2f267868dc98aaf8afe76068e2c44f1									
SRR10245349	ftp.sra.ebi.ac.uk/vol1/fastq/SRR102/049/SRR10245349/SRR10245349_1.fastq.gz;ftp.sra.ebi.ac.uk/vol1/fastq/SRR102/049/SRR10245349/SRR10245349_2.fastq.gz	43547322;56038263	2bd8048f2dc1029c845214cacdea66c5;61c8efa14d3a1f0dd2bff142bce5d05a									
SRR10245350	ftp.sra.ebi.ac.uk/vol1/fastq/SRR102/050/SRR10245350/SRR10245350_1.fastq.gz;ftp.sra.ebi.ac.uk/vol1/fastq/SRR102/050/SRR10245350/SRR10245350_2.fastq.gz	60203825;77997293	0d00edde3dae9027576197f515289062;05e366f13d435c921aae21720854f71f									
SRR10245351	ftp.sra.ebi.ac.uk/vol1/fastq/SRR102/051/SRR10245351/SRR10245351_1.fastq.gz;ftp.sra.ebi.ac.uk/vol1/fastq/SRR102/051/SRR10245351/SRR10245351_2.fastq.gz	35734570;47597973	9d63043607e9a019ea9b0fe4b8d63045;d8b4361f0370b4e7df2eb4a1eaae2139									
SRR10245352	ftp.sra.ebi.ac.uk/vol1/fastq/SRR102/052/SRR10245352/SRR10245352_1.fastq.gz;ftp.sra.ebi.ac.uk/vol1/fastq/SRR102/052/SRR10245352/SRR10245352_2.fastq.gz	55770045;90724481	3ab9da2e12897a85ffbd75b0691d3f89;090df075625db4df3a125d3c82644ba3									
SRR10245353	ftp.sra.ebi.ac.uk/vol1/fastq/SRR102/053/SRR10245353/SRR10245353_1.fastq.gz;ftp.sra.ebi.ac.uk/vol1/fastq/SRR102/053/SRR10245353/SRR10245353_2.fastq.gz	50403569;60176244	64c0088083aee67215465d4b1a1e7dd7;dec29ac1e75383e736efac2f510a5d52									
SRR7450706	ftp.sra.ebi.ac.uk/vol1/fastq/SRR745/006/SRR7450706/SRR7450706_1.fastq.gz;ftp.sra.ebi.ac.uk/vol1/fastq/SRR745/006/SRR7450706/SRR7450706_2.fastq.gz	27521493;27555265	1ea76921554011408bff4f78a4b52bc4;dde53a5e9b6d6cc084dc89eb99bed837									
SRR7450709	ftp.sra.ebi.ac.uk/vol1/fastq/SRR745/009/SRR7450709/SRR7450709_1.fastq.gz;ftp.sra.ebi.ac.uk/vol1/fastq/SRR745/009/SRR7450709/SRR7450709_2.fastq.gz	15224924;15488918	5110022468328d4af62d84bda6efbf18;6f4b7a4618f8c6e675eb3cfcef76198e									
SRR7450711	ftp.sra.ebi.ac.uk/vol1/fastq/SRR745/001/SRR7450711/SRR7450711_1.fastq.gz;ftp.sra.ebi.ac.uk/vol1/fastq/SRR745/001/SRR7450711/SRR7450711_2.fastq.gz	14225335;14539432	d15a1b571e6a31629ff2507b569dd01a;7d282ccb0f9478fdf4c3028217790882									
SRR7450715	ftp.sra.ebi.ac.uk/vol1/fastq/SRR745/005/SRR7450715/SRR7450715_1.fastq.gz;ftp.sra.ebi.ac.uk/vol1/fastq/SRR745/005/SRR7450715/SRR7450715_2.fastq.gz	15946325;15923334	9ac14c56a1937e2b90b2aeeb797f526c;b61e502a5495991bdbbaf9c8f160d380									
SRR7450717	ftp.sra.ebi.ac.uk/vol1/fastq/SRR745/007/SRR7450717/SRR7450717_1.fastq.gz;ftp.sra.ebi.ac.uk/vol1/fastq/SRR745/007/SRR7450717/SRR7450717_2.fastq.gz	11897043;12057237	f9007d861eccac05e88cecaeee3b08f6;a39047d3dc90a190bc51c990ef6791ce									
SRR7450718	ftp.sra.ebi.ac.uk/vol1/fastq/SRR745/008/SRR7450718/SRR7450718_1.fastq.gz;ftp.sra.ebi.ac.uk/vol1/fastq/SRR745/008/SRR7450718/SRR7450718_2.fastq.gz	38642517;40069057	22fe2d886cd8a16768a9900ef5a5800b;6858c4935c3a5c27480ed440486d751e									
SRR7450719	ftp.sra.ebi.ac.uk/vol1/fastq/SRR745/009/SRR7450719/SRR7450719_1.fastq.gz;ftp.sra.ebi.ac.uk/vol1/fastq/SRR745/009/SRR7450719/SRR7450719_2.fastq.gz	16635912;17389514	943e153b4b154598bbee6392a55a9baa;8f611ac8731c916186e6cc18c6826148									
SRR7450722	ftp.sra.ebi.ac.uk/vol1/fastq/SRR745/002/SRR7450722/SRR7450722_1.fastq.gz;ftp.sra.ebi.ac.uk/vol1/fastq/SRR745/002/SRR7450722/SRR7450722_2.fastq.gz	9239181;9818154	714e77fd6b59167b01be66160efe45cf;b4eb66ddd6b6df58ee4fd2f130d8367d									
SRR7450723	ftp.sra.ebi.ac.uk/vol1/fastq/SRR745/003/SRR7450723/SRR7450723_1.fastq.gz;ftp.sra.ebi.ac.uk/vol1/fastq/SRR745/003/SRR7450723/SRR7450723_2.fastq.gz	20246327;21214558	66628c2a52813d5c2faa590e3d6d2090;41962f3a7f10ee7e6f88dbbef6575d9a									
SRR7450725	ftp.sra.ebi.ac.uk/vol1/fastq/SRR745/005/SRR7450725/SRR7450725_1.fastq.gz;ftp.sra.ebi.ac.uk/vol1/fastq/SRR745/005/SRR7450725/SRR7450725_2.fastq.gz	15430385;16119389	e2ee972d30fa10646ff307060c1d25ca;359ae08fcc4edf4c17a2a8cc79e2a6ce									
SRR7450726	ftp.sra.ebi.ac.uk/vol1/fastq/SRR745/006/SRR7450726/SRR7450726_1.fastq.gz;ftp.sra.ebi.ac.uk/vol1/fastq/SRR745/006/SRR7450726/SRR7450726_2.fastq.gz	13686910;14609789	18d58835690daced0c9fae196329bdce;297753c18a7cccd55c09dd77addc97dc									
SRR7450727	ftp.sra.ebi.ac.uk/vol1/fastq/SRR745/007/SRR7450727/SRR7450727_1.fastq.gz;ftp.sra.ebi.ac.uk/vol1/fastq/SRR745/007/SRR7450727/SRR7450727_2.fastq.gz	13294234;16935090	fe75850f00523cb519f9a3070209989a;8dc727f8b1be6809645ae8a4f884ea16									
SRR7450736	ftp.sra.ebi.ac.uk/vol1/fastq/SRR745/006/SRR7450736/SRR7450736_1.fastq.gz;ftp.sra.ebi.ac.uk/vol1/fastq/SRR745/006/SRR7450736/SRR7450736_2.fastq.gz	16725208;17359708	a16ec47053fad82399ea1ca85b7a5c6a;137f4f44a2a2984ed202844b406199fb									
SRR7450739	ftp.sra.ebi.ac.uk/vol1/fastq/SRR745/009/SRR7450739/SRR7450739_1.fastq.gz;ftp.sra.ebi.ac.uk/vol1/fastq/SRR745/009/SRR7450739/SRR7450739_2.fastq.gz	4799670;6260163	0f28af3a75305c08acff1a78b3126d01;c147e7cf44739af8990ce1a2f2c0d36b									
SRR7450740	ftp.sra.ebi.ac.uk/vol1/fastq/SRR745/000/SRR7450740/SRR7450740_1.fastq.gz;ftp.sra.ebi.ac.uk/vol1/fastq/SRR745/000/SRR7450740/SRR7450740_2.fastq.gz	35409264;44797610	70a6c3c6c50a12cdd1eaf69c5f9c269e;072477dd7c60f99685fa3cca7a442f41									
SRR7450741	ftp.sra.ebi.ac.uk/vol1/fastq/SRR745/001/SRR7450741/SRR7450741_1.fastq.gz;ftp.sra.ebi.ac.uk/vol1/fastq/SRR745/001/SRR7450741/SRR7450741_2.fastq.gz	5396080;6422503	e95bcfab6be9303a9e0503c355d897b6;c8c8b005f7f953ba2bbdb9dd2d535598									
SRR7450745	ftp.sra.ebi.ac.uk/vol1/fastq/SRR745/005/SRR7450745/SRR7450745_1.fastq.gz;ftp.sra.ebi.ac.uk/vol1/fastq/SRR745/005/SRR7450745/SRR7450745_2.fastq.gz	6810999;8512781	bc0ede87b94a20561fd003e93756f31c;e5c126e939d741d07c54614a90f42ea2									
SRR7450747	ftp.sra.ebi.ac.uk/vol1/fastq/SRR745/007/SRR7450747/SRR7450747_1.fastq.gz;ftp.sra.ebi.ac.uk/vol1/fastq/SRR745/007/SRR7450747/SRR7450747_2.fastq.gz	2943285;3694204	5980a3240911e7753dea57915f444aeb;b2b708d9a237453ee4974fb33d41420e									
SRR7450751	ftp.sra.ebi.ac.uk/vol1/fastq/SRR745/001/SRR7450751/SRR7450751_1.fastq.gz;ftp.sra.ebi.ac.uk/vol1/fastq/SRR745/001/SRR7450751/SRR7450751_2.fastq.gz	16250400;16035738	32219bb98aa791f2933ddb05e14c76a1;2ec27bbc19c01ed9a8a215572cb69da9									
SRR7450754	ftp.sra.ebi.ac.uk/vol1/fastq/SRR745/004/SRR7450754/SRR7450754_1.fastq.gz;ftp.sra.ebi.ac.uk/vol1/fastq/SRR745/004/SRR7450754/SRR7450754_2.fastq.gz	5699563;6754443	1bebbb2c18328f06892e72be7d3fa0d5;9298b28cfb6017a2c0c9c8b6235c03c5									
